log_mass,reclat,reclong_norm,year,cluster
2.858329455982474,-75.93531959338864,107.2904326101223,1990.1388139545516,0
4.609124053451529,6.3722369694507535,1.8150855072793206,2001.6864826102546,1
9.19156598300057,24.818533742301454,-45.933139128849284,1920.8833063209076,2
