log_mass,reclat,reclong_norm,year,cluster
2.8486961845678938,-76.04480465708727,104.82829524809873,1990.244071325127,0
8.770482436971811,27.73959541981135,-18.319389479952804,1898.3985849056603,1
5.693310481542426,15.241239084675122,6.340163322108836,1996.6358608823891,2
