log_mass,reclat,reclong_norm,year,cluster
2.8499396724060695,-76.04473728322628,104.76392770161901,1990.2438252058266,0
5.692718368918525,15.350316444554018,6.427747894399943,1996.6544000000001,1
8.770255211987923,27.739666567726758,-18.451473037691386,1898.4664310954063,2
