log_mass,reclat,reclong_norm,year,cluster
8.411256054980282,-3.849860333988218,66.68510011787815,1902.1866404715129,0
8.607969432917796,41.14531840461402,-51.90940244720498,1893.0647737355812,1
