log_mass,reclat,reclong_norm,year,cluster
5.691572132172891,15.50359747266652,6.828122716251215,1996.645345233668,0
2.8487193505851236,-76.05552448988556,104.77081229904599,1990.2522966918589,1
8.792536225652503,27.780420210149252,-19.13504550925373,1898.601791044776,2
