log_mass,reclat,reclong_norm,year,cluster
4.69552408579251,6.165680207518193,1.600582631448134,2000.8608965517242,0
2.8457367440750145,-75.9976888384499,108.16252402135568,1990.161458093616,1
8.789819480880725,27.848376559851673,-19.305811108050833,1904.6064618644068,2
