log_mass,reclat,reclong_norm,year,cluster
2.8716470771955,-75.08505064645615,106.69129945927034,1989.8244509848316,0
4.801081289402951,7.268338276781527,0.3534853575093848,2000.9481728497985,1
