log_mass,reclat,reclong_norm,year,cluster
4.8016095493009425,7.332063641709645,0.39096255794162005,2000.9479318734793,0
2.872089092642104,-75.09299438114348,106.6235819859684,1989.8291391327964,1
